GUID идентификатор элемента;Название элемента;Путь к элементу;Адрес (youtube);Заголовок2-1;Ссылка2-1;Описание2-1;Заголовок3-1;Ссылка3-1;Описание3-1;Заголовок4-1;Ссылка4-1;Описание4-1
46A35FD8-0C61-9ED9-6BE7-A140A3E425C8
6800AAF6-BBB4-9206-2A04-153E62354992
B92F1BE2-CA59-85BD-11D9-3A183795D415
3658D6D1-411A-6C9F-A1AB-8790AF926ACE
0619C2EC-EB51-5919-FB3C-E8841FEB97EA
45F3942F-E204-190C-D301-A5AD6DE5DF9E
4416A537-546B-5E50-0E24-9F698A78FA7A
F5B6595B-A378-7A92-D501-4B8CA0B32F73
F5500682-20D8-C159-27EC-0B7247471792
11909A50-5CC8-21D4-18B0-F700A0453D2A
444EB13C-E024-2A8F-06FE-E3E0F3880040
08C961AF-ACA0-3F79-E841-7F53BB98546E
76CA0381-BDD0-324A-8AD8-B01F4AFD1CBC
8B418DD5-4002-FFAE-656E-3B412E3D28FC
AB7478AA-160A-C1F4-3046-E0CC1C65AEAC
9639F1F1-628C-1BCD-C024-D2538A825C24
2283EA3C-A5CA-0645-EA22-56F2461D8ADF
CEB16668-AE8A-3167-96CD-819B6538AC93
D6C9A167-69DF-0BD0-B16C-A57C9CDBA9BD
71C739BF-F7CC-D619-6EF0-092F11008981
F0F08822-3AFC-DE70-0043-3DBDE7B07554
8EB614F9-AB02-4822-B362-05491A8C415E
144B9865-BA17-B1C9-E578-8E09138DF227
7CC0F3B9-AC59-F7CB-0C1A-58EDFD4E9171
592016AE-6183-8A87-3C0E-F31EBAC035C2
0512C477-E633-DD33-1FD9-91E167BA8B41
D0FDC953-6D15-5F53-6BB4-3BDC82C33545
D6D3CF4C-C6FF-50A0-2111-44D5E4DCEE18
1F87C0B4-261E-6C9F-1216-832A10DA3B66
406718E6-FA10-8981-F411-4975C2F9354A
4C49C749-B755-D0D2-C76D-7449E2C1C425
0C341D03-E1CF-6CE3-DB07-1B85588BCA24
7C877E6F-0428-FAFF-008D-06119F62C611
E2F0BC03-F1C1-DDA6-20DA-003E232190F9
BF1973C8-AD5E-A73E-4253-9EA905C320D9
4436B1DB-B300-0C1F-5FA9-EE55E0D5125D
1B0FE080-6B61-2AC8-1393-895540B2594D
9126D421-0939-EC7E-C23F-1981AACCE48C
0B369BDA-9500-8C72-C0FD-2A0D221CEF7E
7EB5BC2F-0839-052A-6FCF-7331E4FEF93E
65F874CC-1D9E-018B-9701-6331A44FD4D4
D7B58FFC-6492-3C9E-347B-1E74C9CDD5D1
31F0F1DA-AE88-8323-18B8-450B044C7A60
D215E389-1117-8E6B-15FE-57B4F4F722F2
0FE1606C-B633-B9D6-446B-CC77A56288BE
F15E6F2A-1A64-BA62-9412-43B209203022
19B16C3F-E258-C091-C4A1-418FEF8BD451
A59BF84F-A281-EEAB-97C2-BDE64124A361
57C8A24F-A78C-D379-ED40-1BF69BE9DD82
A7261ADD-E94A-C706-8AC7-268315785951
DF8F8B8E-3BD7-0AC4-AD9A-70E524A63552
DB8C6485-B1F3-44E6-3227-9AC675012701
2A07712F-5270-EF21-DA5F-5C2BB3A8A83C
F197CE2F-4412-C7C0-CCFE-4D653F673426
362A5FF5-0E9A-0A67-3770-DCEA8C3463B8
DA0D4367-A267-44B8-7C2A-7B011EB51A9B
3AB24E75-7562-39DE-A36D-BCF4A44EB402
E554AA2D-755F-A94B-79B7-62D55AD65665
73CD8C3B-1BBF-9746-31CA-D40F7C09F87F
2BD57B7B-2466-3BA9-6DCB-66003DD6CBA2
D17F93A9-0015-C943-3765-3A623E9A4833
3FC384CB-6BFF-9E7D-909E-4C8C56E64BF1
89132E39-9400-C66B-4D93-F7134EF62F8F
C54135FF-653A-4DA6-A803-F5DBDF5649C4
97A6C757-4A1F-298E-3065-39288FA52AE5
E79BDF2F-F2B7-31C1-B223-4C0AB1421E10
A78A4073-AF6C-1936-CE0F-A0AAA7073171
FD31B345-7427-2C1D-B267-8EB12E552003
592FB013-947C-1826-E21D-5DF4074DA3BA
2C44240C-238B-20C1-7F11-09EB4E505ABA
EA2C91E5-D487-5983-5E66-6E7E1D9D537A
5AF1D5EA-7A02-3FF6-2CCF-B4CF6E3163BE
0FB89293-0B6B-570B-DA0F-B24745CFBF7F
901B7C4B-A31B-D6FC-DAB9-47F2380AA1AA
82DE7969-846D-807F-0082-F5381422953E
D5E69746-A5B8-5AAE-A9A6-00F4AE6D816E
950E0F18-B27D-B01E-64B1-A1447ABF7214
F7846886-BCFB-4ED4-57FD-80684BB5FECD
9AFB03D5-3655-5DDF-A249-BB5BCBFC64DD
9407F145-46C9-7DB1-6EF0-9271B2D3EE05
53B96253-3DE8-A476-8E16-8A7CFFB7A900
B132EA9B-A16C-2145-1943-AE8692FDCD0E
E97FFD2F-5DA1-4503-573C-9D3A09C7BF03
7C910A8F-7F5D-263A-E18E-DE324C6536DE
21A0C881-05B9-BA89-9F10-34F4C926FBC2
4D9330FE-10E9-16F4-8D4F-E13C4435D03C
A5BD62ED-D5FD-6D9B-8374-0ADC6A68A8F6
5ED378DA-FA16-EAFC-FB27-F78B860CA776
C0DDC458-D6E4-F5C3-5792-924CC9FE1613
02CBADE3-522E-D2E5-9543-8749F49946A5
2BB12D2F-FDBB-7DDD-7211-4F84DD28F4F4
EA0D394A-D8C5-D52E-FC76-CE8357A1E34C
8727B3DF-0943-5AC2-1626-35EE5FFC9A8C
9219C79C-528A-4E8D-EE2D-EB5D078D4D15
067DDFB1-AE75-4D74-9230-BB8E35EB74DD
E5360960-5844-F32F-8BFB-FD932CAE078E
BAB50269-CCC8-B6AA-A125-355BA4392524
4A3BD379-DAF7-B5D7-FD95-736EBEFA3964
6B3B9FED-E2D4-2076-761F-C0FE6CB74544
65F19F84-6D48-D674-46EB-68B0711437FB
6A5607BB-A129-BCC5-B7CA-521E8B847CB1
82244F37-ED59-87BA-6A6E-D4B6D25E52F2
DC84ABC3-148D-6F44-DB8E-987DA6A39967
0ABC49ED-909E-97C4-3693-04269E1C6651
8D1DFA3E-A27C-F05F-EC13-DECB94395309
B68AF81D-9811-A38B-1943-2FB696A144F0
64A81144-32E1-CC79-76F9-7FC043B15BE1
1ED83C86-72AE-9219-8A12-178C07955750
EB74AF39-B270-F042-B75B-08BC47F25BE0
122D53C2-D6AB-9368-AA91-697ADC2D7239
59D277EF-CABC-BFEE-E166-401E227C8F1D
4F11E604-83AE-A4E0-6264-601F6A706501
F32AE039-CBF9-26A2-4108-F11B35314064
9C74FFDA-5754-5217-5A3B-67BE7F7E00EB
7B47DA53-1C99-E42E-C9FA-667899D001FE
E8BDDC75-2AD9-BDC3-CC07-6ABAAA3F9785
AF3F0C20-8205-6F2A-6B4A-B6EF4BA032EB
EA3F8A1E-32DE-3487-F465-20158B7C6374
B654970E-32D2-7437-6111-788F2E634A0D
A528E6B8-0160-5DDF-81C7-104C8E152430
1DFEC8FA-BEA6-C9A3-2A37-39071E792A78
597DCA61-6723-5938-A00D-2F91CB939093
55046D62-C761-5A13-1E6C-CD849E583066
8E7A3F7E-F530-F1B9-BDD5-13B9F3D3238A
699B83E1-A846-5336-2E8E-052BD6BBBF77
8861D481-EE2D-8067-06F1-CBEB0CE68791
8AE6B479-8DD3-A9A5-E939-938CD088EA52
861F6A41-B9AD-0415-C7DC-4456CAC25529
825D7D54-5F42-7C7F-D61D-B1DBC65F01AC
0FB38DE1-EA11-DE41-9A0B-0C7EBD7D38CB
4A47A6D4-23F0-82C0-C0D0-949E1EA3A09A
5A81DFA9-76DF-CE82-27A1-C6B3C95146CB
23E3FCBA-93A3-96C4-AE46-6F4F27A7E8BF
542F92D8-3CD7-95F0-F06F-EA091FB8307D
413E34A0-1614-2E0F-32FC-DA1B869DFD7C
01075E69-8BDE-4348-B200-4C0FF8A17940
8FD38F4B-F004-6D64-E8C4-300D6785BBD0
CF0EBEDC-EDEB-B824-BF16-4D30443297FE
6624F5F5-6DF1-4818-133A-3ACFD4B2C30E
DC295B06-A0A0-A6B0-161C-2F0963864444
E98B396F-D48F-73EF-769B-AE8E4A5A24EB
15343D29-7AF3-AD24-2B06-68C3162C62F6
7C3EEF61-4292-4EFA-B801-B834B6426E93
0336412A-45D7-4F5D-5CBF-4A3E567DCCE9
B6BE9605-EB5D-C34E-23CD-07CA42904E92
BB481621-7E66-BF3A-3449-34B3445ED8F2
D1D13884-3B44-5B37-C2D8-FE42E81112C7
FCEB9CC6-BAB6-752D-389A-8113CE144170
49DF8A78-7982-D377-4E9B-C0649A3F5026
28E9B963-7BC1-E469-B50F-E464EDFC4176
D3D1B0CD-E33C-F021-B435-EDDD9E7522FA
A693C6C8-3B8D-8189-9EDC-4814FFAF9FB8
2DEB2FBF-5A20-2DF0-A25F-B2DF6E5CE0BF
7A3F694E-BA16-18D3-5C55-AC240A522AF3
847577AB-093D-AB78-413D-144765FF8D79
8075FC79-B0F5-7A28-7AC0-A38967183904
D1B4DE8A-0030-BEE9-D6F9-9C0681D3C290
799853D4-C12D-DCE5-415F-FBF69DDBF6F0
9407B001-8080-8A19-E875-D06BD30653BE
9787A866-0ABA-5DD7-56A8-AAC827082192
1DC0F5C9-C3DF-0C09-313D-F2E99BB2F5BA
AB9719F7-E07C-A076-FD91-356C8AD6DB43
51934D70-BB6A-80A1-E588-687845D04413
CFD04E45-F053-8166-72BF-DF79ED78CC5A
9E88E0E6-F107-7CC0-8598-6976C6E9FD3E
E1194B14-A326-EDCF-E3F9-691830ADC80F
42CB3A98-1221-227E-54D8-EC641AEB328D
E60A5A2D-F862-C8BA-BAF8-B6603E91028A
67FED52D-4062-D9D3-8E1C-FA9E51EFF2A7
E5B5435A-778C-C51C-124C-95B2C9669441
9E1D8D9C-7595-D6D1-F14E-7D7B6FFA1123
BCF81A93-894B-D80E-332C-95824A660FCD
B12BD426-2D6C-DD70-4517-912A1F9D0435
5096AE8A-136C-6D6F-1D97-B4A7AD108C01
8CACF99F-F7CA-9093-F60F-ACB3F4C48B36
44EA7A2A-B531-04DA-3374-EF7558979A67
401F39D0-AE16-1578-BB58-E36D945DEFA8
91885813-FB5C-680B-BBA4-9FA6404AC8DE
F9C8A8B3-8A1F-1C78-70C8-358BE562C6D0
2D6E5874-6F1D-4B96-E1D9-735D1ED88811
2A926C7F-E281-65E9-D114-C2B0C7BCCC26
1DF00912-D639-7DE3-639E-4B029346797D
E54BE22D-B96F-0AAD-7CFF-318C1D9C1D41
FB2D9418-7370-F945-F9F3-74354CB4F029
40674EE8-5585-5B53-4B3A-BFA94D57A010
F4551755-9F28-63BD-BFB6-41BB3EBC08EC
08BA9570-1F61-5B10-1150-371A69F0DBBD
DBFE46FD-E506-DA04-493A-2173C44BECAB
08485B1D-D1A1-511B-E062-60B060C57F81
C1654487-2B74-A0EC-CB9E-5C0ED8CE8956
3C82892D-4439-7952-0002-B614766B0550
5852303F-E2F9-F8C4-ABAA-7436ACDF6BD7
B5337DF0-947B-C00F-447E-CE04ED57AA0C
C65D3DC5-AC2F-0A3D-CE37-D118280836A0
85691AED-6EAA-E96C-8632-3BA56D5C2BE5
2B3EB760-9458-59D6-2819-F1241A514CAF
33AE0610-ADF9-CD09-D159-196E00A5C68C
3491287C-42D8-4B3E-117F-BB406C6FCAF8
626296D1-AC6E-F7ED-BAD4-4C5E4E2ABDD7
6553C810-E1A4-19CA-C15C-83A93305143E
6FAF466E-EBA8-B691-3CCD-E6DD68649FFC
337F3B3E-1E21-A269-4F0B-7B3C9684F5D7
6D4D22E0-6A8B-34AB-7726-2309136921AA
473B438D-72A6-E4DE-B1B4-5934F01C578A
9A8202F5-C29F-0DA9-7B57-5B7C57928A92
51A5132C-D8EF-7B02-7256-8AE759A44155
38836A25-44A2-06A2-F73D-A574E3C44422
998DA019-52C3-DD4E-B684-DE3C671FF6A6
3BD3BCFC-0308-AFB2-B7F6-40D7B3069FE7
7851DF83-4761-7306-A773-EE7864C219C4
17DD5257-F2BC-003D-C82C-68CF19C275D7
8DE94C60-095E-F31E-1620-A34591015C2A
C9249AD3-F00E-AC65-37DD-34DD56B9BCE3
ED7232E8-B682-A43D-FC70-323A4FB1B142
642D59E4-401E-B544-89A2-76227DA70F1A
E8ACF04F-EB7A-AB5D-BF59-CBAC6EB8E164
E86ECA27-72CF-5B36-44AD-F538D308BCB2
BBA3A597-4064-097A-7F5C-2372971CE99C
C47042E7-AD67-9793-F6D4-1D6537B65800
545C5C18-5ECF-EACF-3995-230D370571B0
6FEA7691-602C-AE8C-047C-C2DFAEDF4BEC
29F10FCC-09AB-D1AE-1ECA-2D324EC54F92
69298E6C-443E-363A-A71D-28664465DA3C
F1D90481-54AC-B4E8-DA42-1DC1DFF31C6B
65C729D6-8225-6474-65C0-EE2FB9A248B5
E59077F5-6F39-FF36-D676-8306F159E1CF
EF4ED2E9-647E-18EE-D626-31F4B5E2FB6D
256E9DD4-AE0E-E179-79D0-B13CE6ED2AC2
06B443FF-3FEB-EE8B-D1BF-4F07B50AFD6C
FFEA6A59-C152-426E-72E8-E6263FE9EC5F
B59AA94A-8C54-FD7C-C559-69B6745565B6
DDD93E8A-4E0D-0009-3C40-CE264221CCD8
A247E9E5-B17D-C030-27A2-4FEDFAE62E1C
8B13873A-B722-8422-1686-C4A01BD00FF5
5680F866-D5C2-18E2-E30E-F53D9A77C7EC
A7387ADF-F94A-A4AE-99AD-890B7CCFD6BD
5F70820F-CA7B-2D3B-A2E4-30239DC062A6
807EA8FF-9004-F0F3-94F1-5DB6E13CCB32
4A05C81F-3179-0ED0-5CAB-2C6E12FC544A
D6C223A3-95BC-D7ED-D915-F619BF163EAA
87D50865-CA95-3299-FB0B-B1E0478B659D
345047E2-92CA-221F-9A63-4A0161B826FA
0684D247-0B2E-7246-FC37-22A46159B7C8
A2F167BD-F7FC-A8CB-D23B-83085BC0FDF6
88E1EB02-71AE-8C79-08EC-6A25778416F1
3579A085-24A5-2F31-E3FA-D23AC9B54F39
82A1D305-648D-8A7D-0AC1-50DC38897D79
95368613-8D27-921E-BE06-F21CF372CCEA
ACDC1FE7-87A3-7522-B7AC-695D77FA0909
EAC8E2CB-D634-2916-7A0F-0C9D9A2FD28C
98801A2D-465B-44AB-8483-F87037C1DF84
E634E3FC-E390-312A-0D25-FB8EA0BE26A4
B6E1B3E0-4F35-2EC6-FF17-382B28946097
E99024F0-9CD0-8272-D310-831582CE3E81
D5B4A106-6B8C-0DE3-264D-2F0C9E66B97D
FFBF3E16-615A-BD1F-E15B-11CF2770FD3F
B40EB0A3-4AEC-3EAF-AF4A-75A73CABED00
FE10471C-E308-0D29-FB6E-568B36B29D76
C7E427CE-9B3C-F5D9-4D58-1225F9A3D014
5700A85A-F818-5692-2BE7-BBADAE1A8B20
973928ED-00C8-2D8E-0F5F-0FE2066B82A4
914775F3-91CE-CE4F-41DC-9E524BB75B6E
E490C0F5-A7E7-7C4E-24C3-FCA83226DEC4
A04A5C06-9161-806C-3FFD-1CB0B4D42516
2C3A2AB1-34BF-35BE-7AD3-2A4AC968AE50
826D9DB2-DA13-D43A-8D9C-C44758C93DB0
0A52D323-4CF4-3ECE-48C2-1CACD416E78D
A1CEA4DE-57E4-69F8-E7FD-289DBCA9D68D
B750D7A4-9532-821A-03DA-37B503A30EF2
C01BC3DD-B097-EAB6-4BF8-B90F7FC169DA
D5B4763B-3548-DB5F-335B-79D6A28C4833
3AE49243-7B95-3317-4AB4-7DAB96082D79
C71A02F2-018A-EAF9-B2AC-B8E8C22CB8D5
6E33643F-E5EA-F221-1BB1-B4EC7830B7AD
12608030-F2D4-20CE-B97E-88670E717799
A237CF08-9FE6-3B0B-C5E5-9E04FFCFF599
25D962B7-A51E-95CF-1DD3-D54E5786FA3C
D2ED06EC-1C4E-C9E0-24F0-5C9BADB687EB
3D4F59A2-D817-AE5A-2B13-292968AB7223
4033763E-C23C-1333-1A79-A89B14B29677
83076730-4C26-126D-49B8-858C164F3B68
27E98B80-9A4A-F3F3-F077-36473729B178
CA99B0AD-D6C1-045A-4E1C-33332D0F05EE
B05C5A5C-3DD5-ADF5-1418-1616D40B1F7C
FBDA992F-0693-881D-AF24-D54AD9DCED97
393BD7A5-6D0C-89C2-1A12-CE0B850AC22F
00439618-AB7C-5A2F-1BF4-E4632BB9A1EC
DC7331A3-DDB3-3B7B-60A5-F2B1A0402B66
C75CD8A8-9069-D45F-B405-07F477A3A606
F44089F9-3766-0E33-9E1C-2FFE7BC4FDFF
0407AE86-2794-29F2-D5B0-8351B3E5C4C9
B394E2B9-EBDB-1A39-CB62-CC7E89F5FA21
1B4EA286-A6A6-3973-D4BD-F75AA401A050
A58B3860-B83B-379C-EBCF-7FFE79017B01
C8F1815B-CB7C-B21F-F159-D72AEB043514
01C5801C-30F1-4AF3-E99B-43365F3FA98E
4FFAB3CC-D8A8-A6E1-FF3F-4F1B9125B595
6D052525-D178-E359-5234-D63FD5C98002
AFDB8463-19D4-F429-ADA1-F445E713B74F
2DAAB234-009C-1738-1F4C-C497D44952CC
C81A739A-E00F-C015-C337-76C14E80709B
FD68F180-058E-5C5B-C65D-083B5C52B8FF
06EDAF60-7019-8754-F376-1A14A1D05D09
F0917D24-BD1F-42AD-CC57-0EB9BE4792F5
D423B73B-2B0E-C0C1-0041-E57B56997182
525AD101-41CC-71B2-1399-BA7A1737FFE3
C68183E5-DD33-1395-96B4-4E1B546D2ED5
ADED5D2D-51FB-A018-1ECF-B15AE97DEB03
E5FD18DB-2310-0AC7-8767-BFDA5C3ADAB0
E278DC2E-B67E-78CE-17BA-A7B79CFA5E6E
CAFECB54-B0C7-8B8F-44AF-8A84954CE979
39CAB03F-8F9E-16FF-3F99-B0A3BF248B3F
8DA391B9-8C8A-0041-6362-CC5DD421BBA1
10C2E096-9C0F-2C36-CF13-2552BBC5C8DC
F46E4B82-51EA-17DE-7E4E-34929A7F4929
18A05765-DC6F-861B-5B17-41EEE7C46A8F
F841882F-2CC7-6965-B7D7-2CECEFA04D44
004FF498-4044-6431-9EB5-BF272D1AEAD9
D8E615F7-7EC3-A88F-A557-A1FE1E6D63AF
F04863C3-5960-1518-BC14-7FD30FE02510
6731DEC9-5448-874F-913E-4CDF05D78AF8
88FFFF5F-1E0A-B0E0-699D-5674AFE49D4F
1169960E-E7C2-1631-4FC3-29FA6888A317
28044F11-5423-FB99-ABC4-647941211A82
2C41FD1C-4B4D-98EA-3F69-F488453E8899
BF22B3B5-94AE-85F7-FA24-793F424706D2
1A3785E9-B988-5FC0-0F34-0EFCF21E9335
C58C1F48-9B88-523D-13A2-F93B2C3F8379
961CAE17-D535-407E-5066-233ACB95EC3C
FD0DA2AD-6C9F-E6D4-0A71-A911A7B63233
4DD246E4-404E-AA90-9A23-FA8AE3658B6E
3824A86A-37A1-5158-13D7-C9E58FEE49AA
F47D0295-39A6-8F44-7DC7-8726887EDB2C
28FEB949-301E-E91D-FD95-9A0BDF978EE8
C586B29F-7DE0-02FD-8A49-17AFF7A5E0A0
5F5B1550-AF99-2E86-2BAA-5A626BA06A44
2CAD400F-BD17-4094-6BA4-3285F12D92A5
E8C1FC90-E174-2E4A-B7E0-68A034BB66B2
B620154A-CE29-AD5C-B847-80EB1254A45C
0B8FECA9-F8FC-2FD4-D100-3474C3C93707
2F611498-7FAD-C512-2086-D23356D21555
F3398EF8-6ABA-0A62-2DAC-3D9A3A842FF9
DFAC5619-D452-3305-5AE9-61F45BA57E2E
C400B792-A77A-BDBF-3471-F1BD7D8BD449
549816AD-9265-0E94-A33C-3B08ECAABBAA
56F8D2C2-CA54-BF95-C50E-44E38765FE18
DB8AA381-AF29-A53D-BA59-8923D91E99A5
DE1D8605-8C05-7209-0DA9-1DCBFD5242C1
EDFDBCC1-A44F-BE41-CE31-359D3AEC883B
542D29F8-017D-5E91-938F-6C5A75D1639F
99A41B44-42B1-838E-686B-B04B0B349B6C
38157A7A-CF67-5CC2-949E-735BF169337D
007CDC5C-8BF1-E36B-9F01-95DC219607F7
762F27CD-D935-5C84-CF7D-48ABAE4F1CF4
422F25FE-C493-492A-FF0C-0C63CE2950AC
21EEE107-5B21-74C7-8902-46CED82A7064
4DAF64D5-2398-CEFC-5F04-4EF22101942A
9F31AF26-C769-DB37-2494-1EFAF8F36DA6
99BB8653-3467-D06B-7331-58BDEBCE97D8
3769B209-61ED-0694-0600-A0B683FFA6AE
505FAB49-D351-0092-D4B8-D753CE37D3E5
90CBCB9E-060F-5A09-12E5-9A1CA9521DE4
428D86E6-D6F7-D103-4093-55F0BB673AAB
33A2B811-167F-CAB5-FAD2-BCE767D16703
49A0F5C4-2C7A-AECD-2CEF-4DD7C47AED20
54F55C82-DB6B-EC24-1F3D-FD438EC41F19
C0A87515-DDAA-4CB5-0B49-7E2DC10E7917
4917CF1C-9F59-C875-012E-7EDC9D300ECA
0D061B37-3884-E51E-B58B-D773FBFE59BD
D9ED05C5-D5CD-06E8-50C1-C4F507ABEEB9
D5C2905C-BE57-07FE-DFBC-9D0EC6D28735
43D0FFEA-6C9F-3A00-E86D-C93D63C21EC7
174F0E9A-0FD1-CB20-D254-DF9659EAF48B
BB464285-4875-9D26-1CC9-17C9B4196508
652959A7-65C0-711F-9811-C0E3BCF72373
4181124E-12B2-CB38-2DAD-8920FF70D63F
C568236F-FCC5-ACCA-D255-7CCFBCA2731A
2F992A43-60C4-A175-783B-8EAC7B7E14EF
36CB871A-DBD8-F965-4A32-4E8504CE09D1
1E11BDF8-8CD8-A1D7-4E37-E81E56D5DFA8
FD7D60E2-2D3B-E3C7-B662-BD77A8279068
DA427DE9-8430-F468-0B5D-98EA45FD264A
A96507A6-2EC1-7331-79CD-4364A066B953
103718B6-4AC3-06D2-C017-834D8D1C5E70
ED441E66-20A8-312F-E73C-F5174B68D748
FC9C79A5-E8D3-6EAD-9762-972005071F0E
4C839C31-87B2-AFA8-4E68-D5D28701AC2A
7D6ABF45-72BE-546D-C80B-EED68414CA78
C07D9450-EACC-26BD-9E8B-7E862847BEC5
5CF7E4A3-E35A-B9A2-9DAD-66EE0377DB8F
6A80619F-F8C5-67A1-A8E1-D522355309D6
3303E4E8-3983-838D-29B6-D8F717EE8A7B
315271C3-F8D9-1942-F260-1375DEA9E31F
1A60215E-AFED-C2DE-37F9-3CC94327DD85
8CC1A182-5998-46F3-1BA0-B6E89CAA0E40
8505C1BE-6E3D-74A4-8007-E0D5CB36DCBA
194B559A-29C0-71B0-A0B8-B3F08200395B
C8550CFF-2851-B997-384D-97A17EEC0D2F
3A667A4E-9ED2-60E5-E2B7-8EFC4BBBF080
6ECFE875-8436-905D-285A-FAE5CFEDD43D
FFDAF29D-668E-B30F-991B-402DD7E5CE58
6CA2E930-86B2-61D5-0F86-EBE4431FEF8F
63701A5F-83A9-A7B9-A1C1-E07FFB19B59D
728FABA7-1B97-582B-4A6D-239FB1D33A91
9201FE38-AD05-7BED-7FCC-D5CE70AAF2E1
A36EEC7C-E097-ACC0-D713-99FDCC2E518A
43AF3F14-1073-63A5-6ABF-4CB8DBE7EB11
D2E5265E-90B6-EC10-63F6-9A2F066C6745
BDEEAB00-5BB6-D29A-013E-C6FE17DDB89C
BF7DCA7D-FBA4-746B-D87F-5816AE9F4C09
1851E965-DE55-E99A-B913-BC546B3F625A
A9A87346-2A72-4CEA-F432-E43403CFE4C1
EAFAFD42-07BC-E042-03D0-EEB91F60CB26
2E11B3FB-3D20-073D-93F5-0E4B3F1EBAFE
ECD45309-1581-9CF6-4948-C22A099A2200
D4067F20-75F9-B5AF-0A10-63651E45102A
0035E781-77C5-DB1E-171A-5090D351E22C
31A13A10-2458-C912-9F6F-2594310DDB2C
A9941DA0-50DE-7736-30AE-5F073DD72DF0
3C3FD414-2AB7-ADF6-4825-9471DF07DE76
5DE76B59-42B3-6D9D-702D-A50586F172A9
2C3AEAD7-16BD-6500-1AFB-99938A45EA84
EC64C9A2-6E6C-0A84-7B6E-57894FD72B42
B7348B6E-050D-0883-F2B9-4D118AAE88EF
FBFA28B2-55CF-B9E9-404D-E19E9844C7B7
5820C415-E39C-3DB9-2492-0A426AB18406
8D2474C0-65BC-3137-FCCD-1774D714A1C5
5F622AF2-755E-5579-7674-65BC35424550
E299DD0C-1337-CCDA-EEE5-3327BE405C47
3CF327C8-45FA-DCCE-AC99-0B49C7027444
06BA8CC1-8E61-6837-F233-CA0B7C969E87
AC35BAE9-52C3-DC68-EAFA-D5134F69B68C
5DE852AC-6CCF-B9B7-47BD-97A6925057EA
2101B25A-1C9D-6118-7D3F-5C66862CC89A
CADD5478-7961-E682-376B-39B736E6686B
81B3FFE0-5D33-816A-6660-2D52CD69E171
B1313CD8-5CD6-D332-ACE9-69B60830D06B
51D302FD-D2EC-4539-D73C-BBC3C45E0916
87145307-AADF-18E7-0244-ADC4D6B112BF
2BDD5CB9-9289-7457-440F-663481DEE2EA
F483CFD4-485E-A0F3-CC9E-44F596A82643
B63DC899-CD36-4508-7DF9-D473E437EE6C
CF98147A-FBC5-006A-D77F-4E657E999D87
605CFF1D-3D63-5AB6-C1D5-70F2E32A2EC0
FD8AF5D6-E5AC-AACD-A0FB-D100A33216EE
050E8FE1-545D-6781-B659-58C25EE1C24F
D06C429A-B06A-605B-37A3-2BE53A91ACCC
778D8CE9-DB22-B413-5F1E-A3935438E755
FB0F8AFA-BB1C-5353-ECDF-CAC560E5C944
5F1200F9-0671-E5AC-F057-A97BC5ADEF26
55CEFC65-26EE-23FE-107A-CCA2B0957360
AA601B85-9223-D9F9-18C8-6EBE7DC84836
01013911-C9BA-3631-DCA0-3A6173090528
FF74E1DA-462C-B01F-B0EA-7F0362B96FA6
72E31360-4729-E310-0D4A-C6BB11EA5A6E
AF18DC32-7645-D62C-DF0D-B5476BA414E5
2007DF9B-F265-8FE4-49E6-4E801749B8F3
C795C2C2-16BC-4521-1B4A-A9D3D66EE6FA
5C6EF321-A19E-8667-39AC-0D5541734D0A
30AD7F62-6AD7-E1AF-861F-4B50B37890BF
4FF36332-89A1-54D2-96E2-C5DE381CEC12
E96F2208-076B-9BCC-5A25-7DA29F0A32B4
59C55DCD-C38F-688C-9252-13BBDD0B9650
90B67701-409A-98C0-7800-2A58D74660FB
50F129FE-C182-F8A9-32C6-33D223512B94
F2FF6BF2-5AA5-AF57-C140-98E33B9F5BDA
6427FACB-8B3A-92B0-5F34-B86B1C53D1DF
E922A51E-EC19-D6BE-5A1D-52D6E3443649
AC4F8AD3-DFA4-58EB-5D29-129BA01E8806
9BBA46C2-941A-970E-1C44-854C44019F41
CD30C2C9-4F69-41FF-2984-772DE0CFD5F3
5C4ED5A2-8B7E-904C-329E-769F114F3A06
6EAF2EC2-7F09-96D6-8D6B-278FF72DFD7C
D5EFE818-92AA-2C65-9431-DBECB7CCDA83
E833A84C-59C0-50A8-D0E3-C11190C63D9F
36FB3DF8-B845-1709-9919-22FBFFB917EF
BB412DC5-9AF5-CDDC-D554-25A321B00A9D
670A27A7-1FF6-44D3-EB3A-B9A34099CC34
5E93647F-BB33-DDD4-3004-3CB5AB26D1FA
93FB8AB9-4AE6-BD7E-9780-26504369C32D
1118232A-BF8B-6C49-5F1A-196BA90820AF
C8434805-9983-2D7C-2280-3A286B22E056
51FCB21B-4C9F-BAE0-F0FD-6C0CA15B0937
AC4D5690-A61F-C0E9-F0D8-293A6EFFACB3
23CAEBC6-4FA5-5494-DC6D-6C649270CBE0
0FC42A56-DF02-946C-9B7C-2E969EADD4C6
593380AE-5011-6504-9D40-BCB018200A09
59FF05DF-889D-A146-2644-A731C098640F
DD08003B-8A85-54F5-77DF-73EF550D240C
7B7B9EF7-6EDB-6797-3933-6E37369F76FB
160C6500-6A9D-CBC6-7B7D-1330209D2F6D
264FFCD9-A2A0-EC97-68F1-78315F6C468D
858F4354-9B37-1044-52E8-C1DB6424F2F6
67EA5734-4764-86F5-0032-93ED42A1DBB9
96F6191F-4A1C-3B94-734E-2D7925D8D4AA
B72A4885-0529-1AA8-886F-29F47588EEF8
175EA625-9764-FD65-119F-9094B15E0A11
B3E986ED-AB37-C203-E64E-9A6E564ACBF0
FA3510E6-4CC0-6564-9F73-18CCDF9E9EDB
E5289B37-604B-A730-ADDD-A23A717363D2
F747225F-35D1-B2D0-6A4F-4B4943940940
3E57F0FB-EBCC-62A0-A1D3-0C9EF0AF1C12
195EA59E-2AD2-F609-FDE9-8528926CA6BE
F408CC57-8615-4CC3-5664-9B7A4C1E11E7
BA7EBA93-0F6F-106D-B148-1A3961600C81
2139031D-225F-35A8-88D9-1204344BBC08
5CBAEAB7-9E82-4A43-D68C-663AA3527DA9
9ED90CBF-6818-5AF9-AAE8-329C8EB4361F
81035859-0660-E856-527D-D0177DE7ACC5
C54A16DF-54DA-0A19-9856-8DADC61DE850
71F63191-9347-D68F-5237-E53C119750F2
82391CB2-46ED-90AA-1DC9-46DCA9AB10A3
86C8866F-F981-1CA2-C77E-B47ADE34BC94
3BC07E6B-1491-1E7A-A3C8-9478A043BAC0
1EB1948E-FA00-B5EE-CB88-47904CBFA9B9
357A216F-6ABE-EAA6-4D94-88EE00B644FE
A93386CE-E8AD-8BDE-54E4-8E3D43BF74DB
9E5BED90-AB8B-41D4-625A-551C41C60F55
58744A22-5BD4-D675-3F09-F7F3176EF5A4
5E7A663B-B7DC-1793-EC9D-B577E372E1CF
70BAD5B0-C278-985A-560A-0F4C2016438F
6B6FC634-FDBC-33E4-8A82-5309B39EEF30
D3595E5E-2CEC-6EB8-EC56-45BE73959B22
75992140-F105-5706-8501-8FC80AD32C51
70568B64-040F-DFC2-77C0-1C7835911281
88322B18-A8D6-C447-5093-66D4296A261F
938FF0BE-2C6D-DAE6-FB90-D2207D9BC0AD
192CCF00-B14B-4D14-8700-256E8BBED0BE
30DB02F3-4F99-494F-E4F3-E14827AE0634
1E016BA2-CD93-C0C8-89AB-368CA9ED687B
D8B4C988-FC97-30A1-DE3A-B1B9F5C68587
67B8CE67-7DF4-D825-F5FC-13C0A6DF9E5B
8969D31E-ACF2-C63C-0553-6F7D8696501B
B38C5E81-C064-09FB-04A2-D6CD776E3ADA
8B2B8D20-A056-0597-C878-2E0A38E2A94F
88C01B0B-4112-4F42-4EBC-C74BE0DF41B9
9AF656C9-BD7D-E327-5D12-1960F289A83C
CDD3F019-1F48-C517-12E3-FE530C7BC201
D32D477D-F7E1-E8E6-5080-B2D85E0C4F7D
828B4E03-72AD-555B-6B05-2EEC6F8F399C
11B6D099-C328-1AAD-3DF8-A0947AF8CF6B
AE572DDE-57E9-13A5-D881-E85A08316BAC
3BEFC834-BB7C-9AE6-8632-5C7D936FF37C
B3AB7DF0-0EFD-03D5-A627-70F208ECF07E
2B257213-E517-2D90-03F6-A88538DF3266
0CB86AD7-7D6C-283F-B082-8F7205BD1EFA
72A5D3DC-C9EE-F663-0051-6E51D9E4A4E1
0220D924-1E55-44DE-76E7-89C7BC3EF342
EFD27D81-88D9-01CE-0705-14A5059ADCBD
732427D8-657F-9CA9-945D-A8301DC464C6
A2AA60BC-2187-217C-B607-50C9D9495219
3FAC936A-B689-B46B-5674-A6633E88989A
77E49F57-DD2D-6182-4A81-F48AB6A79500
F72BB4E8-9783-586E-F6C2-A3C9950FA3DA
55643309-F507-B6DF-E193-7B1296ED31DC
BFCEE878-980F-36FD-68CF-677D303D02BF
D2E210E4-5FDF-25C4-BE1B-020BDED9EE4A
14D56DAF-B62B-E3B1-6E90-6A6338818180
3157F8D1-E180-283F-5F2E-806B123072EC
1287BCC0-F8D0-3171-A582-C183B9DBC6D4
AE2B3BD2-D74C-F4E6-8DA4-4E467D02BD85
F1CA9F8C-A852-89AC-DFBB-FC0DDF93DA54
7E5BDA48-FD04-117E-D63F-9BBB40B018C0
47049B1D-5370-BB31-55E6-8392A0CBD1B1
A26A9292-D48B-627E-32FE-0C7C4B6411F3
FBD5438B-7465-9088-1A8A-1F15F11ABBD7
45C177B5-1B8B-9809-F74B-C26E37588726
AD7D70D1-8F7D-1AC3-90EC-33A030DECE96
03AEFA01-843E-C563-61B2-7AE12B3DBCAB
CF09E6A0-D05E-C301-E765-6EF6B91847A4
B263E92A-805E-7545-BC91-5AF4E37D01C7
C2F5E12C-19CD-AC64-61D0-6C6C7481A82F
443AD890-A346-D377-8481-6FBF9EC9FAF3
67248A83-641C-8E95-5731-CDE9967CA6AE
213DC3C7-CF6D-B911-7C99-2A258E65F8FE
856C1693-A7DA-FBA9-84BE-BB941A07847B
ED895223-3623-367D-8071-0D89893EE951
585C2FD6-F445-9752-EE17-8BD735A3167E
45059D2D-BB5D-12DD-870B-FBF4F3540CA5
E42F88D7-1707-39EB-906F-9CD8F51EC506
86B6A093-2B97-DF82-421F-102B5C1577F8
47FEECED-3968-5E31-0496-303DA754F42C
012A4DA7-79F8-46D9-3D27-0DA3092C2371
A77BA849-89BC-B1B6-45C1-7422C18D65A4
A7222461-647C-65EE-C813-1DF2AFF95301
23366420-C6E7-BE8E-FCD3-C3E4D6D82416
30A16D8A-6B19-E3D3-30F6-A5780AC70CFA
EC17A0D8-D528-6467-6AC1-1D11F4CF62CA
C44F1922-FA33-8BEC-F55B-94F15BD6C36C
1A3DDFD2-FCBD-942A-C27E-AF5AE54A1B05
5CE4B6D4-5D80-5E77-CDB4-54D12102537C
8206E523-E025-2F20-B079-151730FDC435
EA27F646-8749-9BAD-6B31-0751FEBAF74C
93B56F12-5755-395A-9D06-4EA6591FB2C9
0BC601D2-5762-FFDD-E5BE-9CAB00E72429
71D6AF44-C5AB-6DFA-0B68-804374A5BAC2
DB7C2689-C552-93DD-C702-19B6350F3E29
5DDD9517-B143-1BC9-3B8A-7997682AB925
CA605DDB-3C8C-D8FD-1AC0-2E7D8D10094E
89724A39-4020-059F-D10F-C5C5ABF30D83
7DBFAE49-A553-9995-C28D-8ACD34ACF8FF
2EAD8B34-B8F6-0D96-E012-D3C36BA324D9
2C003281-5BE2-4202-5072-C48285F27EC5
4D653012-56DB-C100-A0E7-5BEE762A83B4
C7EB688D-381A-2097-733B-C3D6DC0C28FE
4B007FD9-B9D8-4AEC-D2C5-035EAE90A50A
E86F36A9-FF1B-8F5B-7E3A-A8EE5A71E314
D5D81630-CC40-209B-94B3-01E5B501E2DF
5E5A739F-EFC5-490B-98B3-2362D819D34C
E5079B14-D3DB-9493-04E3-60ED10826B18
EC889F8E-6B45-CF3A-C302-98CD569BDA80
AD5F0118-AC4C-E75B-5F78-D70AB122E0A5
1AEA1FAF-601D-4687-2EC5-6E9F775D23DF
68BB8D7C-F7B5-5041-317E-0F0AF64125D2
CD865C3D-8F36-6255-96DE-CF2B764E0F78
27D21472-FF13-1C1C-7EE0-011AA161EB21
304493F8-2409-5B31-98E4-7FCC92603FF4
AC0A3610-ADF4-8063-E08E-7A9935F56163
9964AFE6-1B0B-09A6-18CE-B563EFD2244C
52099C6F-667B-7E26-2402-E0C03EAF3440
8A31DE45-72E8-6F93-3259-13A778DDDE9F
1EE08E9C-912B-6C0F-EFBA-CA3A259679DD
06E5CDA9-6BD0-EACA-322D-BFEE73747095
7E9EA9DD-2F63-1AFB-EBED-812952F4706A
68E55CC4-47D2-8A67-5000-1F1B48340DCC
A60EF201-96CD-E8ED-5504-9661D34F7C03
0CB2936B-5EB9-8598-FD12-E6856928CB5E
BFEA920F-A296-3DC2-FDCE-09B8AB99A050
1138FCE9-E7CD-92D0-0913-10C9CB8ADBB2
56EDCB38-2758-6851-C739-49EDF4FF9F94
1CB9C16C-4038-18CF-8F90-DB1187E12D96
A49BB7B4-D233-BE00-7AF0-0D6B83B1FB86
5452637A-047C-7B29-FDF8-A12AB676EC55
12DC5743-75BA-563D-4561-821F62E46B1B
34619DDB-ECF4-3357-EF0E-D32FC80D5D28
F9DD9AF8-8A8E-2F5D-36E3-37F08341D882
DA3ECD6B-2D86-15B4-FAE7-E4FE1DC45F18
BFE471E1-5FFE-51EB-AC3A-94125FE9E197
B7E9C8C3-459B-7DDF-02E3-8889C745A736
F9982EDF-50FB-1750-0F41-E029191F0F48
1A9B97E4-65A8-E4F8-897A-13BABC44BB55
200720DB-3D53-7068-6A79-39700A92E332
A7689941-02E8-43D6-873E-FE9A79B122B7
CC664C46-5154-EE98-B393-7DD08DEE50CA
D9D80F41-E004-74A0-5B50-3D5408095813
A62D3EA1-8DB8-D8A9-A1FD-1CDB5A5121BE
17D7ABF0-E7DB-6673-D5EA-AEEBB04E2755
8792218C-BC1D-B555-CC35-380395FA3462
80CDECE0-45F1-0DEC-DDCE-9F36F9829556
1FD47228-C271-A280-41BE-B218C17A9B31
